<?xml version="1.0" encoding="utf-8"?>
<install version="1.5" type="plugin" group="content" method="upgrade">
	<name>JosDewPlayer</name>
	<author>infograf768</author>
	<creationDate>May 2009</creationDate>
	<copyright>Based on mosdewplayer</copyright>
	<license>http://www.gnu.org/licenses/gpl-2.0.html GNU/GPL</license>
	<authorEmail></authorEmail>
	<authorUrl>http://info-graf.fr</authorUrl>
	<version>1.8</version>
	<description>MP3 PLAYER</description>

<files>
<filename plugin="josdewplayer">josdewplayer.php</filename>
<filename plugin="josdewplayer">dewplayer.swf</filename>
<filename plugin="josdewplayer">dewplayer-multi.swf</filename>
</files>
<languages>
		<language tag="en-GB">en-GB.plg_content_josdewplayer.ini</language>
		<language tag="fr-FR">fr-FR.plg_content_josdewplayer.ini</language>
		<language tag="de-DE">de-DE.plg_content_josdewplayer.ini</language>
	</languages>
<params>
		<param name="autoplay" type="list" default="0" label="Autoplay" description="Autoplay">
			<option value="0">No</option>
			<option value="1">Yes</option>
		</param>
		<param name="bgcolor" type="text" default="#FFFFFF" label="Background color" description="HTML color code. Default is #FFFFFF">
		</param>
		<param name="autoreplay" type="list" default="0" label="Autoreplay" description="Autoreplay">
			<option value="0">No</option>
			<option value="1">Yes</option>
		</param>
	</params>
</install>